Pollutant:,BC,Unit: grams,,,,,,,,,,,,,,,,,,,,,,,,,,,,,,,,,,
,2015.0,2016.0,2017.0,2018.0,2019.0,2020.0,2021.0,2022.0,2023.0,2024.0,2025.0,2026.0,2027.0,2028.0,2029.0,2030.0,2031.0,2032.0,2033.0,2034.0,2035.0,2036.0,2037.0,2038.0,2039.0,2040.0,2041.0,2042.0,2043.0,2044.0,2045.0,2046.0,2047.0,2048.0,2049.0,2050.0
agriculture and forestry 01T03,0.0,0.0,0.0,0.0,0.0,52916.457811194654,53280.70175438596,53644.94569757727,56728.78390201225,57925.20705688725,58535.89619184371,59013.72727405868,59478.44720264712,59898.010426769244,60362.20652825134,60812.72103449589,60704.75263695891,60742.40540769358,60483.90298107436,60372.07034793142,60242.8548377784,60194.032893922114,60124.947410084395,60127.6030788952,60126.70062398554,60125.10977126153,60102.258421031125,60188.58786360146,60249.75693967104,60338.854269667354,60500.14590606145,61015.29651950345,61537.69067708557,62075.34206934301,62541.268480461724,63019.53215938522
coal mining 05,0.0,0.0,0.0,0.0,0.0,4262438.095238095,4339361.904761905,4387038.789025544,4919310.054690787,4397191.772674465,4604329.223065318,5272478.7545767315,5534686.866562431,6011249.367017795,6549353.482876501,6772456.717123958,6822711.971498799,6634954.45450344,6619328.428385799,6675858.784347043,6540305.903945719,6515576.203590002,6593799.49989641,6651128.904439506,6826872.023980459,6681102.710070564,6541671.098064478,6405654.895113662,6407910.761278026,6550709.276585477,6586799.549044018,6632038.915779239,6744268.303678126,6800162.936261982,6819189.895986316,6790695.960672182
oil and gas extraction 06,0.0,0.0,0.0,0.0,0.0,250778019.53818828,255311025.75488457,241900413.39396444,242692927.63157895,262602684.8499691,267141912.7747928,257875231.9630304,262980455.5840737,271257283.6455883,277094554.8386754,284636627.8234944,290035873.32515895,294457721.18760085,296540675.2637111,297341633.17994934,299450613.2477041,299085461.68455315,299781605.67325044,300916984.0348018,301174068.60277486,306145941.9228001,307274154.74774617,309986554.71625537,310726055.8386774,312095776.72454304,314365878.2461864,316878474.2141383,318038044.082818,316764898.6906527,318194551.51150197,321082380.14313006
other mining and quarrying 07T08,0.0,0.0,0.0,0.0,0.0,0.0,0.0,0.0,0.0,0.0,0.0,0.0,0.0,0.0,0.0,0.0,0.0,0.0,0.0,0.0,0.0,0.0,0.0,0.0,0.0,0.0,0.0,0.0,0.0,0.0,0.0,0.0,0.0,0.0,0.0,0.0
food beverage and tobacco 10T12,0.0,0.0,0.0,0.0,0.0,0.0,0.0,0.0,0.0,0.0,0.0,0.0,0.0,0.0,0.0,0.0,0.0,0.0,0.0,0.0,0.0,0.0,0.0,0.0,0.0,0.0,0.0,0.0,0.0,0.0,0.0,0.0,0.0,0.0,0.0,0.0
textiles apparel and leather 13T15,0.0,0.0,0.0,0.0,0.0,0.0,0.0,0.0,0.0,0.0,0.0,0.0,0.0,0.0,0.0,0.0,0.0,0.0,0.0,0.0,0.0,0.0,0.0,0.0,0.0,0.0,0.0,0.0,0.0,0.0,0.0,0.0,0.0,0.0,0.0,0.0
wood products 16,0.0,0.0,0.0,0.0,0.0,0.0,0.0,0.0,0.0,0.0,0.0,0.0,0.0,0.0,0.0,0.0,0.0,0.0,0.0,0.0,0.0,0.0,0.0,0.0,0.0,0.0,0.0,0.0,0.0,0.0,0.0,0.0,0.0,0.0,0.0,0.0
pulp paper and printing 17T18,0.0,0.0,0.0,0.0,0.0,61924637.68115942,62816981.26546482,66552808.735034324,68965886.53210284,68271620.14422809,68213135.90638603,68476026.30148649,68422252.67657678,68708091.28111444,69178497.64439283,69533564.88492784,70227927.73899549,70897979.81671211,71302051.54708628,71817043.17364106,72314328.94117947,72458074.80199793,72735686.11375546,73434022.55994363,73473893.21963365,74144692.69371575,75080663.39152108,75798716.50126794,76334779.69864498,76626269.55004215,76869522.65822159,77135190.77269588,77121092.44755027,77233370.78206784,77446209.17749822,77702188.48825622
refined petroleum and coke 19,0.0,0.0,0.0,0.0,0.0,337300234.47967845,338264258.5975882,339313893.23207504,313870100.6174251,410674230.544656,431585134.05795884,456006033.2911813,474847151.4814465,471733208.56643385,461810851.6500354,459207461.0825803,452725778.65731645,464281653.25699127,466904333.5413634,466112393.3518306,474355156.66759163,475146573.0576397,480635776.09894156,475361217.94115376,475722178.8875502,476561775.9101313,471790797.70211947,476091303.012301,474114507.0013118,477257341.6414702,478760161.7784283,513920152.4899468,513682000.61993,491778255.85798895,478412319.09594923,483262974.82270366
chemicals 20,0.0,0.0,0.0,0.0,0.0,122392567.51890528,92971478.33843476,87344622.37518232,95044584.0682788,105331274.80905588,94545295.88690236,87129171.76020145,90489497.46445498,94248322.77138911,97991806.52478608,101375503.05596037,103812480.7464712,106161054.64639677,109499964.05425486,112217034.325822,114581115.26304083,117785370.30045474,120831485.00985773,123296543.01803213,125065993.88955559,127126221.82746986,129303368.01007263,133511691.49371813,137765015.88171172,141032284.3753058,144719862.55372435,146413289.3853127,147139454.2135213,147791868.28593343,150116335.77020532,153117845.83613542
rubber and plastic products 22,0.0,0.0,0.0,0.0,0.0,0.0,0.0,0.0,0.0,0.0,0.0,0.0,0.0,0.0,0.0,0.0,0.0,0.0,0.0,0.0,0.0,0.0,0.0,0.0,0.0,0.0,0.0,0.0,0.0,0.0,0.0,0.0,0.0,0.0,0.0,0.0
glass and glass products 231,0.0,0.0,0.0,0.0,0.0,0.0,0.0,0.0,0.0,0.0,0.0,0.0,0.0,0.0,0.0,0.0,0.0,0.0,0.0,0.0,0.0,0.0,0.0,0.0,0.0,0.0,0.0,0.0,0.0,0.0,0.0,0.0,0.0,0.0,0.0,0.0
cement and other nonmetallic minerals 239,0.0,0.0,0.0,0.0,0.0,54031717.91807019,56541214.82125393,53915059.52380952,56202615.99210266,63943171.596107885,58195527.77197273,53874327.350875124,51199895.54203869,49017494.73586646,48359529.15832429,47613417.5670334,46946625.03108083,46348256.999063544,38450997.472608574,36981714.40969669,35348039.44602694,33789115.63500409,32819102.514499143,31997263.603396848,30669882.09691002,29814835.43529272,28885826.444642443,28084219.874079578,27483688.351609692,27039198.42207016,26341559.164834417,25893646.749170214,25491304.17063095,25063616.1663793,24759967.78750322,24534281.922193564
iron and steel 241,0.0,0.0,0.0,0.0,0.0,19403636.89263893,19627558.917660747,23152202.239565663,22536369.59370904,21846956.130718388,20387438.373059217,18341735.782735564,17577938.70667613,17822030.741947148,17879561.514813963,17673822.480753396,17292219.567446344,16649695.613805301,16650187.178852255,16933482.21695554,17010682.35555893,17190148.55641864,17379024.785347085,17541912.704686943,17752879.121843178,17903897.650330067,17956354.91078445,18134269.687981617,18467912.98091686,18661871.43759164,18720587.102749906,18664875.121220008,18446266.72890813,18193458.080708414,18203809.44616209,18374169.665496856
other metals 242,0.0,0.0,0.0,0.0,0.0,4769869.750132908,4915404.04040404,4984031.413612565,5413836.302895322,5594762.553294381,5532641.2091926085,5508049.288075801,5628308.226936384,5832711.8471632525,6000490.644295097,6142201.876125904,6223337.663166034,6236088.684098567,6232764.466264461,6248176.826245327,6286306.300265128,6345572.194444432,6409571.348757063,6459562.005036778,6496543.811751135,6561014.809923364,6610175.469027808,6648587.763920442,6711528.153340813,6777685.51075267,6810899.206043465,6821731.239555202,6830405.470443473,6846740.243428503,6864111.174620475,6862486.547563525
metal products except machinery and vehicles 25,0.0,0.0,0.0,0.0,0.0,0.0,0.0,0.0,0.0,0.0,0.0,0.0,0.0,0.0,0.0,0.0,0.0,0.0,0.0,0.0,0.0,0.0,0.0,0.0,0.0,0.0,0.0,0.0,0.0,0.0,0.0,0.0,0.0,0.0,0.0,0.0
computers and electronics 26,0.0,0.0,0.0,0.0,0.0,0.0,0.0,0.0,0.0,0.0,0.0,0.0,0.0,0.0,0.0,0.0,0.0,0.0,0.0,0.0,0.0,0.0,0.0,0.0,0.0,0.0,0.0,0.0,0.0,0.0,0.0,0.0,0.0,0.0,0.0,0.0
appliances and electrical equipment 27,0.0,0.0,0.0,0.0,0.0,0.0,0.0,0.0,0.0,0.0,0.0,0.0,0.0,0.0,0.0,0.0,0.0,0.0,0.0,0.0,0.0,0.0,0.0,0.0,0.0,0.0,0.0,0.0,0.0,0.0,0.0,0.0,0.0,0.0,0.0,0.0
other machinery 28,0.0,0.0,0.0,0.0,0.0,0.0,0.0,0.0,0.0,0.0,0.0,0.0,0.0,0.0,0.0,0.0,0.0,0.0,0.0,0.0,0.0,0.0,0.0,0.0,0.0,0.0,0.0,0.0,0.0,0.0,0.0,0.0,0.0,0.0,0.0,0.0
road vehicles 29,0.0,0.0,0.0,0.0,0.0,0.0,0.0,0.0,0.0,0.0,0.0,0.0,0.0,0.0,0.0,0.0,0.0,0.0,0.0,0.0,0.0,0.0,0.0,0.0,0.0,0.0,0.0,0.0,0.0,0.0,0.0,0.0,0.0,0.0,0.0,0.0
nonroad vehicles 30,0.0,0.0,0.0,0.0,0.0,0.0,0.0,0.0,0.0,0.0,0.0,0.0,0.0,0.0,0.0,0.0,0.0,0.0,0.0,0.0,0.0,0.0,0.0,0.0,0.0,0.0,0.0,0.0,0.0,0.0,0.0,0.0,0.0,0.0,0.0,0.0
other manufacturing 31T33,0.0,0.0,0.0,0.0,0.0,13286995.274102079,13398066.162570888,14567726.470843669,15839089.440285828,15580794.377224928,15159481.773265058,14944640.438407535,14913984.865343837,14967768.388269112,15192068.380773574,15466629.278858304,15733717.22421798,16185905.350821145,16572542.063658867,16972992.7514027,17314849.87794341,17519976.659109935,17783648.54921181,18169298.33980947,18406119.821906887,18761924.738070574,19108992.47659137,19402805.567055237,19635365.183544107,19864374.503085442,20128957.224623773,20587280.568011284,20873560.666272815,21121198.08490379,21394795.566022694,21674923.53635317
energy pipelines and gas processing 352T353,0.0,0.0,0.0,0.0,0.0,55940648.23641563,55727530.98188751,64296389.53295793,70307545.78754579,80740961.28756785,82237443.73475905,82705548.98351246,88122746.46529335,94930974.13600284,95995694.12339649,97534421.58029823,96403577.9784381,94400830.346399,91015179.699627,88745914.20590894,87821375.58568053,87730757.804184,87806683.98998353,86725295.07835278,87119520.79802874,86697920.71566868,85808820.91983235,85728037.84503737,86213375.33356656,86631074.18199389,87103487.65084313,87397333.29787716,86817083.21927524,86455895.69419175,86885031.22827642,87852283.41324846
water and waste 36T39,0.0,0.0,0.0,0.0,0.0,0.0,0.0,0.0,0.0,0.0,0.0,0.0,0.0,0.0,0.0,0.0,0.0,0.0,0.0,0.0,0.0,0.0,0.0,0.0,0.0,0.0,0.0,0.0,0.0,0.0,0.0,0.0,0.0,0.0,0.0,0.0
construction 41T43,0.0,0.0,0.0,0.0,0.0,0.0,0.0,0.0,0.0,0.0,0.0,0.0,0.0,0.0,0.0,0.0,0.0,0.0,0.0,0.0,0.0,0.0,0.0,0.0,0.0,0.0,0.0,0.0,0.0,0.0,0.0,0.0,0.0,0.0,0.0,0.0
