Unit: incidents / ton pollutant,2024.0,2025.0,2026.0,2027.0,2028.0,2029.0,2030.0,2031.0,2032.0,2033.0,2034.0,2035.0,2036.0,2037.0,2038.0,2039.0,2040.0,2041.0,2042.0,2043.0,2044.0,2045.0,2046.0,2047.0,2048.0,2049.0,2050.0
Premature mortality,0.00609333,0.0061705,0.00624767,0.00632484,0.006402,0.0065507,0.0066994,0.00679767,0.00689594,0.00699421,0.00709248,0.00719075,0.00726754,0.00734432,0.0074211,0.00749788,0.00757467,0.00761579,0.0076569,0.00769802,0.00773914,0.00778026,0.00778861,0.00779696,0.00780532,0.00781367,0.00782202
Infant mortality,2.46974e-05,2.44852e-05,2.42731e-05,2.40609e-05,2.38487e-05,1.58852e-05,7.92163e-06,7.87193e-06,7.82224e-06,7.77254e-06,7.72285e-06,7.67315e-06,7.64196e-06,7.61077e-06,7.57957e-06,7.54838e-06,7.51719e-06,7.47802e-06,7.43886e-06,7.39969e-06,7.36053e-06,7.32136e-06,7.27854e-06,7.23573e-06,7.19291e-06,7.15009e-06,7.10727e-06
Asthma symptoms albuturol use,1.11451,1.126,1.13749,1.14897,1.16046,1.17388,1.18729,1.19707,1.20686,1.21664,1.22642,1.23621,1.24039,1.24457,1.24874,1.25292,1.2571,1.26219,1.26727,1.27236,1.27744,1.28253,1.28814,1.29376,1.29937,1.30498,1.3106
Asthma symptoms chest tightness,0.0,0.0,0.0,0.0,0.0,0.0,0.0,0.0,0.0,0.0,0.0,0.0,0.0,0.0,0.0,0.0,0.0,0.0,0.0,0.0,0.0,0.0,0.0,0.0,0.0,0.0,0.0
Asthma symptoms cough,0.0239685,0.0239685,0.0239685,0.0239685,0.0239685,0.0239685,0.0239685,0.0239685,0.0239685,0.0239685,0.0239685,0.0239685,0.0239685,0.0239685,0.0239685,0.0239685,0.0239685,0.0239685,0.0239685,0.0239685,0.0239685,0.0239685,0.0239685,0.0239685,0.0239685,0.0239685,0.0239685
Asthma symptoms shortness of breath,0.032277,0.032277,0.032277,0.032277,0.032277,0.032277,0.032277,0.032277,0.032277,0.032277,0.032277,0.032277,0.032277,0.032277,0.032277,0.032277,0.032277,0.032277,0.032277,0.032277,0.032277,0.032277,0.032277,0.032277,0.032277,0.032277,0.032277
Asthma symptoms wheeze,0.049314,0.049314,0.049314,0.049314,0.049314,0.049314,0.049314,0.049314,0.049314,0.049314,0.049314,0.049314,0.049314,0.049314,0.049314,0.049314,0.049314,0.049314,0.049314,0.049314,0.049314,0.049314,0.049314,0.049314,0.049314,0.049314,0.049314
Asthma incidence,0.00602974,0.00607001,0.00611027,0.00615054,0.00619081,0.00622708,0.00626336,0.00629384,0.00632433,0.00635481,0.0063853,0.00641578,0.00644446,0.00647313,0.00650181,0.00653049,0.00655916,0.00658691,0.00661466,0.0066424,0.00667015,0.0066979,0.00672326,0.00674862,0.00677398,0.00679934,0.0068247
Hay fever rhinitis incidence,0.0384102,0.0387673,0.0391244,0.0394816,0.0398387,0.0402281,0.0406176,0.0409141,0.0412106,0.0415071,0.0418036,0.0421002,0.042255,0.0424099,0.0425648,0.0427197,0.0428745,0.0430516,0.0432288,0.0434059,0.043583,0.0437601,0.0439449,0.0441297,0.0443145,0.0444993,0.0446841
Respiratory emergency room visits,0.00180572,0.00182308,0.00184045,0.00185782,0.00187519,0.00189314,0.00191109,0.00192796,0.00194482,0.00196169,0.00197855,0.00199541,0.00200969,0.00202396,0.00203824,0.00205251,0.00206678,0.00207906,0.00209133,0.00210361,0.00211588,0.00212815,0.00213963,0.0021511,0.00216258,0.00217405,0.00218553
Respiratory hospital admissions,0.000451755,0.00045442,0.000457084,0.000459749,0.000462413,0.000465318,0.000468223,0.000471087,0.000473952,0.000476816,0.00047968,0.000482545,0.000484636,0.000486727,0.000488818,0.000490909,0.000493,0.000494994,0.000496989,0.000498983,0.000500978,0.000502972,0.000504865,0.000506758,0.00050865,0.000510543,0.000512435
Non-fatal heart attacks,0.00283501,0.00291823,0.00300146,0.00308468,0.00316791,0.0032464,0.00332489,0.00338805,0.00345121,0.00351436,0.00357752,0.00364068,0.00368169,0.0037227,0.00376371,0.00380472,0.00384573,0.00386715,0.00388856,0.00390997,0.00393138,0.00395279,0.00396895,0.00398512,0.00400128,0.00401744,0.00403361
Minor restricted activity days,2.704,2.71082,2.71763,2.72445,2.73127,2.7413,2.75133,2.76844,2.78555,2.80266,2.81977,2.83688,2.86028,2.88368,2.90708,2.93049,2.95389,2.97775,3.00161,3.02547,3.04933,3.0732,3.09418,3.11516,3.13615,3.15713,3.17812
Work loss days,0.461627,0.463122,0.464618,0.466113,0.467609,0.469563,0.471517,0.474376,0.477235,0.480093,0.482952,0.485811,0.489395,0.49298,0.496564,0.500148,0.503733,0.507738,0.511744,0.515749,0.519755,0.52376,0.527357,0.530953,0.534549,0.538146,0.541742
Lung cancer incidence,0.000168973,0.000172325,0.000175677,0.000179029,0.000182382,0.000185929,0.000189477,0.000193281,0.000197085,0.000200889,0.000204694,0.000208498,0.000211722,0.000214946,0.000218171,0.000221395,0.000224619,0.000226267,0.000227914,0.000229562,0.000231209,0.000232857,0.000233689,0.000234521,0.000235353,0.000236184,0.000237016
Cardiovascular hospital admissions,0.000698091,0.000719204,0.000740317,0.00076143,0.000782543,0.000802767,0.000822991,0.000840319,0.000857648,0.000874976,0.000892304,0.000909632,0.000921273,0.000932913,0.000944554,0.000956195,0.000967835,0.000973957,0.000980079,0.000986201,0.000992324,0.000998446,0.00100256,0.00100667,0.00101078,0.00101489,0.001019
Alzheimers disease hospital admissions,0.00122017,0.0012603,0.00130044,0.00134057,0.0013807,0.00142329,0.00146588,0.00150845,0.00155101,0.00159358,0.00163615,0.00167871,0.00170951,0.0017403,0.00177109,0.00180188,0.00183267,0.0018475,0.00186234,0.00187717,0.001892,0.00190683,0.00191144,0.00191605,0.00192066,0.00192527,0.00192988
Parkinsons disease hospital admissions,0.000157118,0.00016127,0.000165422,0.000169574,0.000173726,0.000177202,0.000180677,0.000182961,0.000185244,0.000187527,0.00018981,0.000192094,0.000193234,0.000194374,0.000195514,0.000196654,0.000197794,0.000198443,0.000199092,0.00019974,0.000200389,0.000201037,0.000201968,0.000202899,0.000203831,0.000204762,0.000205693
Stroke incidence,0.000145798,0.000149691,0.000153584,0.000157477,0.00016137,0.00016459,0.00016781,0.000169799,0.000171788,0.000173777,0.000175766,0.000177755,0.000178711,0.000179667,0.000180623,0.000181578,0.000182534,0.000183042,0.00018355,0.000184057,0.000184565,0.000185073,0.000185954,0.000186835,0.000187716,0.000188597,0.000189479
Out of hospital cardiac arrest incidence,3.4296e-05,3.48117e-05,3.53274e-05,3.58432e-05,3.63589e-05,3.68453e-05,3.73316e-05,3.77159e-05,3.81001e-05,3.84843e-05,3.88686e-05,3.92528e-05,3.95202e-05,3.97877e-05,4.00551e-05,4.03226e-05,4.059e-05,4.08034e-05,4.10167e-05,4.123e-05,4.14433e-05,4.16567e-05,4.18903e-05,4.2124e-05,4.23576e-05,4.25912e-05,4.28249e-05
Cardiac emergency room visits,0.000741538,0.000755269,0.000769,0.000782731,0.000796461,0.000809901,0.000823341,0.000836388,0.000849434,0.00086248,0.000875526,0.000888572,0.000899116,0.000909659,0.000920202,0.000930745,0.000941288,0.000948642,0.000955996,0.000963349,0.000970703,0.000978057,0.000983609,0.000989161,0.000994714,0.00100027,0.00100582
School loss days,0.0,0.0,0.0,0.0,0.0,0.0,0.0,0.0,0.0,0.0,0.0,0.0,0.0,0.0,0.0,0.0,0.0,0.0,0.0,0.0,0.0,0.0,0.0,0.0,0.0,0.0,0.0
,,,,,,,,,,,,,,,,,,,,,,,,,,,
Data for lookup functions (based on sheet name),,,,,,,,,,,,,,,,,,,,,,,,,,,
sector pollutant,transportation SO2,,,,,,,,,,,,,,,,,,,,,,,,,,
